metas,13
crescimento,13
estado,10
população,10
sociedade,9
municípios,8
república,8
social,8
desenvolvimento,8
educação,8
economia,7
infraestrutura,7
saúde,7
reforma,7
mudança,7
plano,7
verdade,6
coligação,6
serviços,6
recursos,6
corrupção,6
público,5
gerais,5
vamos,5
segurança,5
indústria,5
emprego,5
objetivo,5
aumento,5
diretrizes,5
ações,4
completa,4
qualidade,4
econômico,4
novas,4
capital,4
instituições,4
sustentável,4
revisão,4
programa,4
setor,4
constitucional,4
ambiente,4
eficiente,4
futuro,4
empreendedorismo,4
inovação,4
promover,4
sustentado,4
progresso,3
maior,3
acesso,3
grande,3
administrativa,3
participação,3
capitalismo,3
milhões,3
apresentar,3
agricultura,3
criar,3
