bolsonaro2018,81
economia,28
países,20
educação,20
saúde,18
corrupção,16
setor,16
recursos,16
serão,15
empresas,14
estado,14
maior,13
redução,13
pessoas,13
crescimento,12
renda,12
homicídios,12
população,12
estar,11
foram,11
bilhões,11
desenvolvimento,11
precisa,10
inflação,10
esquerda,10
trabalho,10
exemplo,10
segurança,10
energia,10
melhor,9
precisamos,9
oportunidades,9
milhões,9
policiais,9
liberdade,9
dívida,9
livre,9
importante,9
forças,9
federal,9
modelo,9
eficiência,9
constituição,8
escolhas,8
natural,8
instituições,8
investimentos,8
atual,8
nação,8
prazo,8
gastos,8
guerra,8
processo,8
mortes,8
família,8
juros,7
valor,7
ações,7
ministérios,7
fiscal,7
