social,244
direitos,168
trabalho,152
população,150
sistema,133
educação,132
saúde,119
pessoas,116
pública,115
sociais,114
sociedade,112
direito,111
programa,110
estado,107
acesso,106
desenvolvimento,102
público,101
mulheres,98
públicos,97
públicas,97
segurança,96
cultura,93
empresas,92
serviços,90
recursos,88
violência,87
participação,84
trabalhadores,82
grandes,75
poder,74
comunicação,70
federal,69
maior,69
processo,68
garantir,67
lgbti,66
parte,65
programas,64
gestão,64
indígenas,63
controle,62
ações,60
assistência,60
renda,60
setor,60
condições,58
produção,57
modelo,56
grupos,56
setores,53
popular,53
garantia,53
capital,52
civil,52
esporte,51
redução,50
jovens,49
racismo,48
dados,48
devem,48
